event_id,session_id,customer_id,event_type,page_url,device_id,timestamp,ingest_run_id
aa56e7fb-5d80-4807-86dc-1f742f655fbe,8ee809b4-5d5b-4fed-99c6-67a74e8fe3e9,,login,https://shop.example.com/search?q=shoes,9a921b19-37df-4ed4-85d0-8583864f8d1d,2025-09-26T16:03:31.922468+00:00,920fe448-95d0-4ccb-b77b-2c7cfa389054
9ea31e17-ffce-4d2b-93f2-979fafac5b9b,9efcf371-ae3b-4a9e-956b-67dbc09935c0,ea0320ec-675d-42be-bcf8-ec2b2a71b14b,page_view,https://shop.example.com/product/PROD-0109,06e4844b-068b-41f4-9c78-120424a84b72,2025-10-15T12:27:28.922583+00:00,920fe448-95d0-4ccb-b77b-2c7cfa389054
dadd5a4b-3654-440d-adb1-b7a3ff181da3,51d6406d-abd3-4f96-8fe9-039088694420,5160a713-dde1-404a-8b29-f3cc1192a694,login,https://shop.example.com/,8bcca371-31ce-4420-801f-6b18a7512463,2025-09-03T07:46:34.922628+00:00,920fe448-95d0-4ccb-b77b-2c7cfa389054
c0f6a7b0-f688-4aac-8740-11821f7f086e,41a4433e-fcf4-4f20-8264-ddbdd0bfb567,d8fde909-fe69-4f34-9290-cebfc268c31c,search,https://shop.example.com/,f0241556-af81-429b-ab06-e19a4ec37f2b,2024/31/01 25:61:00,920fe448-95d0-4ccb-b77b-2c7cfa389054
e0cc5a38-1047-4d47-9679-7238b3ff9e79,ec4f96c4-82c5-4622-bbba-961efa314a9a,fc905a7d-b0b4-4217-ad84-c300dbfdeac9,page_view,https://shop.example.com/product/PROD-0143,6dd78212-572a-41c4-88e8-deded58c3bb6,2025-10-06T19:03:15.922725+00:00,920fe448-95d0-4ccb-b77b-2c7cfa389054
ce05f214-1432-4d06-954e-816086edab0a,6f92abb3-8e6b-4d75-a8e8-0c52ec905135,5d4e1b1c-e9d9-4c0c-8c39-142dc1f5f5c7,page_view,https://shop.example.com/product/PROD-0038,f0c53887-5ec6-4ef9-a91b-2f8d08eb763d,2025-09-21T00:21:39.922755+00:00,920fe448-95d0-4ccb-b77b-2c7cfa389054
12c101c6-33ed-4002-b473-b3286e606a3f,cef0a6ec-428e-4561-8786-3aa6ad7c0d2b,661810c5-91ac-4d99-8791-d25c7a977a8e,page_view,https://shop.example.com/product/PROD-0279,8550dce6-f181-4b4f-bd49-2f1a9db57491,2025-09-25T18:14:30.922780+00:00,920fe448-95d0-4ccb-b77b-2c7cfa389054
d3b8aa2b-4fbd-4232-b35f-0a30cbfa120f,21930c3a-0bda-4c08-886c-f7086fcff8b9,9e0f90fc-2741-4828-907b-64b434a5e9e2,page_view,https://shop.example.com/product/PROD-0425,67da5d36-1a20-4181-9d8b-c9587bf96439,2024/31/01 25:61:00,920fe448-95d0-4ccb-b77b-2c7cfa389054
8ee35031-bfd6-4175-8c89-bb5969e446e9,800dc94d-16b4-48e6-aa60-65fc2b14b2e7,86fb453f-ad06-42f0-a4a8-9ea09a065085,page_view,https://shop.example.com/product/PROD-0079,3ab15b7e-0ff2-49ec-9682-d8ee7407c8bd,2025-09-29T02:06:21.922868+00:00,920fe448-95d0-4ccb-b77b-2c7cfa389054
7ec1b19d-5203-4102-af28-7521d26af97c,658986e8-2724-46f4-a554-df9296d4878d,f569d772-34f8-48a6-ace2-88a5bdde3859,page_view,https://shop.example.com/product/PROD-0017,2aba4899-1256-401e-a064-28a23a3e283c,2025-11-06T08:32:21.922896+00:00,920fe448-95d0-4ccb-b77b-2c7cfa389054
ea234a29-761f-4f10-b27d-81fe38a897ec,f0e853e6-505e-40ad-a308-0daf6870a426,91600513-96d6-4e7b-bfce-90bf1689f7ba,page_view,https://shop.example.com/product/PROD-0006,7a1076b9-1570-455c-af1f-3fd1b8b1c1b5,2025-11-19T18:52:38.922950+00:00,920fe448-95d0-4ccb-b77b-2c7cfa389054
02cd19c5-91e7-420d-a145-25b9ea914bfd,a970e7d7-f8ff-49ac-a9fe-bc8b9c9a0120,a28116f3-58a7-426c-9080-76835d234339,page_view,https://shop.example.com/product/PROD-0350,14c69e31-1938-48eb-8026-df23e28cd2cc,2025-11-14T17:11:28.922977+00:00,920fe448-95d0-4ccb-b77b-2c7cfa389054
f4dc4190-9ddb-47b3-a32a-6067d6aa70a0,7b7bfbab-8388-4038-983b-d73305d14efc,,login,https://shop.example.com/search?q=shoes,4c306b4a-135d-4c30-b7f7-9f1e33d30d8a,2025-11-22T21:30:27.923013+00:00,920fe448-95d0-4ccb-b77b-2c7cfa389054
037d3e96-5bfa-4515-ba3b-379ac003cd7d,022fc596-0d93-4161-8a87-e766a960bb2a,04d7faa3-8035-4d4f-b49f-1b65f4973955,add_to_cart,https://shop.example.com/product/PROD-0286,788ee6f7-1c93-421b-8518-dcb6670d4f57,2025-45-51T15:42:44.923037+00:00,920fe448-95d0-4ccb-b77b-2c7cfa389054
79886551-883b-494a-b6c2-5b0680c44f0c,be6eb7a8-8456-4a17-ba78-153805551e92,4ff8c042-0cdf-4fd9-b7a1-417ef4c9a7cd,page_view,https://shop.example.com/product/PROD-0134,9852a1f7-cb4a-4c49-9400-41cb58e62c0b,2025-11-24T10:38:16.923059+00:00,920fe448-95d0-4ccb-b77b-2c7cfa389054
86aa262d-7a8b-4c8e-ae04-f0103cb53d7b,56c35d10-c62a-4006-8c33-10b60fb26a16,ff0c4af0-16f2-4da5-9025-b464c34eecb7,page_view,https://shop.example.com/product/PROD-0399,05960dbe-2501-44b8-9eb3-7af12cac0a9d,2025-09-13 07:00:51.923083+00:00,920fe448-95d0-4ccb-b77b-2c7cfa389054
17010bad-c0fb-4d4b-9d14-9ca1d5375711,85ebb610-398b-4f55-8374-d8ff6fecc0b0,09b96f3c-db18-4d80-9cdb-87f25ffa7908,add_to_cart,shop.example.com/product/PROD-0358,dd0d87cb-4daa-490a-9043-f436fd7b1a56,2025-09-27T17:15:49.923128+00:00,920fe448-95d0-4ccb-b77b-2c7cfa389054
08ef3218-4ccf-4ec5-8b33-c1e4c3b8d285,8bdd827e-986b-4370-900d-37aecf34214e,,login,https://shop.example.com/,f54c741a-1b6d-4782-a0ef-b6bfd80c8585,2025-09-05T18:32:10.923171+00:00,920fe448-95d0-4ccb-b77b-2c7cfa389054
9968db91-1b21-4b15-9259-ea4b1dc86555,5e8e57b6-42db-4995-9e01-9b4b5e20cd25,,page_view,https://shop.example.com/product/PROD-0328,cca31735-76b0-451f-86ce-66206d6d2c06,2025-11-25T16:18:18.923195+00:00,920fe448-95d0-4ccb-b77b-2c7cfa389054
72e22761-f3f0-4370-9164-1439f735d13a,6630dedc-4a47-4ea1-a52b-f54503c062ff,e982a289-c72e-4d12-bc41-503ea37c6895,page_view,https://shop.example.com/product/PROD-0462,ce3ee17c-0e25-49a9-b475-9bd8fc49609b,2025-10-27T23:21:55.923218+00:00,920fe448-95d0-4ccb-b77b-2c7cfa389054
2f81c2c5-aa22-4f99-95bc-f339eb42a48c,dee86a00-4dee-466c-9914-8b8166133d77,,page_view,https://shop.example.com/product/PROD-0421,68d2961d-d894-47f4-895d-71308f3be4b4,2025-09-02T18:48:59.923245+00:00,920fe448-95d0-4ccb-b77b-2c7cfa389054
9f0a4c33-1022-4aae-8eb6-8cb189e37dd8,a26994eb-a622-47ee-bb49-bbb165550838,,add_to_cart,https://shop.example.com/product/PROD-0201,0ff55b7a-171f-4055-b898-c8aa637be92f,2025-10-12T03:20:21.923268+00:00,920fe448-95d0-4ccb-b77b-2c7cfa389054
74e16299-39d2-4f19-8791-4a549914514e,7cad556f-d874-461f-b1be-d826e9aeeeba,,login,https://shop.example.com/cart,9f0453bf-a0cb-4d72-b77b-6092227a6994,2025-09-30 20:16:54.923292+00:00,920fe448-95d0-4ccb-b77b-2c7cfa389054
ecd7f2b8-81cb-462f-9511-8ee8e5fb9863,99f11774-9ac8-4295-b870-673b48392426,6b84df5a-c8dc-4249-be56-767e843513c0,login,https://shop.example.com/search?q=shoes,3a2f3ef3-3c8e-4d11-be23-cee70ee614e3,2025-09-23T23:20:29.923335+00:00,920fe448-95d0-4ccb-b77b-2c7cfa389054
c0062c5b-bdba-4836-b107-14543e9ca177,f3bb7ad5-d431-4daa-95b6-133720324c88,4f1465ab-68b6-4a60-8dd6-0ece90dbf299,add_to_cart,https://shop.example.com/product/PROD-0387,8ef2607c-31a4-43d9-86df-3553522de9b4 ,2025-10-23T05:15:14.923359+00:00,920fe448-95d0-4ccb-b77b-2c7cfa389054
83b5c33c-32ed-4431-9213-2d3f11438f0a,869d8188-5475-47c6-b9ba-11d46f794692,,search,https://shop.example.com/category/electronics,26e991f2-61e1-487d-97e2-f06ebfb9c49e,2025-09-24T04:01:36.923411+00:00,920fe448-95d0-4ccb-b77b-2c7cfa389054
68ebae7a-325c-46ec-98d6-d8b7fb3f4195,d7d83b0b-afd2-453f-b2b4-c0218b33a2ab,3a7081ea-4ec6-4cd0-8af5-f5eba588413c,page_view,https://shop.example.com/product/PROD-0338,ead2a10f-c5ec-4ca7-b1d9-c5239d3ad8e2,2025-09-29T22:43:42.923437+00:00,920fe448-95d0-4ccb-b77b-2c7cfa389054
8b9e179c-258f-4507-b74d-1fcfe09d6a7b,82f86843-bcb6-4012-95bf-b8a9fb0801b1,791c6186-98c5-4bbb-b4e1-5885519194b9,add_to_cart,https://shop.example.com/product/PROD-0144,2912388d-379e-4f0a-9635-54925b6bea41,2025-11-14T11:44:23.923465+00:00,920fe448-95d0-4ccb-b77b-2c7cfa389054
cb5235da-574e-4beb-9343-e343ea201047,a374020c-4087-4fc9-9eb2-52a2364fdd2d,44a42848-3d24-4587-a1c6-bd8f1ff61616,page_view,https://shop.example.com/product/PROD-0333,af3d0dd1-4181-4788-9b94-68b323807303,2025-09-13T08:08:32.923489+00:00,920fe448-95d0-4ccb-b77b-2c7cfa389054
492ebac9-085c-4918-bd98-515f4214d067,197b6458-881f-40c9-b722-bb42bbe344f0,dcb73828-1caa-4278-bd04-f020ef8f889e,page_view,https://shop.example.com/product/PROD-0027///,1f4d5ef8-d62c-49b2-8adc-fc55445e8c0d,2025-10-25T11:07:44.923511+00:00,920fe448-95d0-4ccb-b77b-2c7cfa389054
179a2956-9915-4937-8a3a-1744b355e03f,6f0bddd9-3404-42fb-9042-c6d838e163d9,aa18e1b6-0f97-429d-8baa-3567f908d49b,page_view,https://shop.example.com/product/PROD-0038,5d49d5a2-afe4-4759-8958-b3d39b53a2cd,2025-11-15T15:43:18.923537+00:00,920fe448-95d0-4ccb-b77b-2c7cfa389054
88945f0c-98ce-444e-a2e0-48da92cded71,14017250-5d09-4960-b90e-cfb64ffda9c8,23489fdb-2ad4-4484-8e3e-0b90017fa7ce,page_view,https://shop.example.com/product/PROD-0027,2557ed50-c8de-432b-aa3f-df6a42e13297,2025-11-05 16:06:12.923559+00:00,920fe448-95d0-4ccb-b77b-2c7cfa389054
9f67196c-b630-4dc2-b2bb-20390bc1c4e3,c1b367ca-003e-44f8-bb5d-b81d0cad9f74,4dd9abfe-fcec-4050-8618-d2926d40d6de,page_view,https://shop.example.com/product/PROD-0368,8214773e-50cc-4397-b796-b681a5709083,2025-10-09T22:00:21.923644+00:00,920fe448-95d0-4ccb-b77b-2c7cfa389054
1d9b290a-8cff-411c-ac91-3b0992bd47ac,ec300a66-4079-41d7-9ac7-352a1174c068,,page_view,https://shop.example.com/product/PROD-0157,f3656969-06f2-4c48-9e57-aca39a6270df,2025-10-22T16:48:42.923673+00:00,920fe448-95d0-4ccb-b77b-2c7cfa389054
a766ad28-6dc7-400f-af80-20ab2c254c99,f373b7fe-ea2c-4198-9f4c-7470d42cad5c,47d07053-d340-4588-be45-a9605c178c9f,page_view,https://shop.example.com/product/PROD-0061,60854a02-39b3-4457-b57f-b09d0dfc09ae ,2025-09-12T09:04:41.923697+00:00,920fe448-95d0-4ccb-b77b-2c7cfa389054
217f9d2a-ba70-4462-93fd-f806f821ff84,67a19ee2-6c9b-439b-9f5e-acbc81e56bc1,eacaafe9-7554-47ac-9059-43d0d76a55a6,page_view,https://shop.example.com/product/PROD-0260,1e87941e-3878-417a-b2b4-1b49eac72331,2025-10-10T23:05:29.923731+00:00,920fe448-95d0-4ccb-b77b-2c7cfa389054
1bb247bc-980f-4442-9015-a55ad631b09f,c7ae7933-3c51-4cff-8313-fa05ef350a81,03ee9228-76b6-4351-b0f8-e0d0895ed102,login,https://shop.example.com/category/electronics,b8b54eb2-783c-488d-a1fa-0b797aeeab92,,920fe448-95d0-4ccb-b77b-2c7cfa389054
76496bc4-ae36-4551-bde6-843f45d5ae0b,3341f986-3add-4288-97cc-18dbeb333f13,,search,https://shop.example.com/category/electronics,0e7609b9-04fa-4877-9e7e-e13f73a33086,2025-09-06T05:30:30.923799+00:00,920fe448-95d0-4ccb-b77b-2c7cfa389054
69a8ee02-4d9f-467e-a63d-8dc97b902192,e3cdfc4b-ba3f-41fc-bcc1-239806bbe554,938db5d1-e516-4040-9c66-7edef78977f8,add_to_cart,https://shop.example.com/product/PROD-0109,549213dc-c2c2-453e-9e92-e7a415e1948f,2025-09-17T14:32:17.923825+00:00,920fe448-95d0-4ccb-b77b-2c7cfa389054
5dd4354c-26f9-4098-8a93-9647ffcfbd9c,63c40766-2b6c-400d-9fe0-2ac7066107bb,43a5fcf4-64b1-4d1d-b666-bf9fd1cd6b0a,add_to_cart,https://shop.example.com/product/PROD-0171,bd353d3c-d95f-4343-b5e8-f1031867f330,2027-03-21T16:04:29.923855+00:00,920fe448-95d0-4ccb-b77b-2c7cfa389054
a194fbda-825d-4963-bfa7-6c3abed13261,6c6b045d-c9df-4e24-96aa-e2b0f1a6cfc1,c2a04412-b91e-4328-a904-536666ea9fdd,page_view,https://shop.example.com/product/PROD-0445,1c6afa55-0193-4b8d-b91b-ba0ff9d3058b,2025-09-11T12:24:27.923891+00:00,920fe448-95d0-4ccb-b77b-2c7cfa389054
89f1c1b9-699f-45ab-b9cf-e5cd8f6187d3,7f8ef20c-4f7c-4a08-a9a1-346c6a068ae6,7aab1378-35af-4fb3-b3ac-2921b4eaee8a,page_view,https://shop.example.com/product/PROD-0062,37bea608-969f-4641-9100-de7983a88125,2025-10-27T09:13:57.923915+00:00,920fe448-95d0-4ccb-b77b-2c7cfa389054
45784ec8-9963-4a06-8235-b4d3d5ad3398,c0f0a333-4710-4e33-81e0-4789f63143e5,,page_view,https://shop.example.com/product/PROD-0366,0a58e020-3904-4e8c-856d-7658294994c7,2025-11-15T16:53:22.923943+00:00,920fe448-95d0-4ccb-b77b-2c7cfa389054
9c456ba2-b612-4380-b560-d9b326ffb752,3222d32e-f4c5-47c0-bb63-f4848b7a7b01,429f5c91-6d16-4349-80b2-a72e59c5c792,page_view,https://shop.example.com/product/PROD-0408,a3220233-6b4b-48dc-8dc7-5594462a38db,2024/31/01 25:61:00,920fe448-95d0-4ccb-b77b-2c7cfa389054
c65c3624-799a-41be-97ef-eec2eed51669,db2fd132-2235-4a9f-92c3-a3e60b51db22,,login,https://shop.example.com/search?q=shoes,661bf21c-194f-47c3-93c9-71f88565ec3d,2025-10-07T00:03:06.924025+00:00,920fe448-95d0-4ccb-b77b-2c7cfa389054
59643b9e-0d85-4264-9978-7b3a58abc940,28328176-0f34-4641-9627-9a3db2058081,6e9fe888-6d4d-4626-aba7-30a96b287f37,add_to_cart,https://shop.example.com/product/PROD-0348///,8c00c151-32af-4c1d-b32b-31069e370d5e,2027-09-21T16:04:29.924089+00:00,920fe448-95d0-4ccb-b77b-2c7cfa389054
df6d6f09-8e70-4f85-bcaa-8acc761aad9b,deb97289-1d63-4163-baac-da4554a8690f,9ec7a1c6-4411-48cf-a99b-2543ecea7d50,page_view,https://shop.example.com/product/PROD-0051,b696047d-cfcb-4809-9917-08b15c566da3,2025-10-29T05:04:32.924136+00:00,920fe448-95d0-4ccb-b77b-2c7cfa389054
e2775200-b876-4e59-b53a-35a477478f9a,f136eae4-3e42-4bc1-a9a4-77b3d63b1939,b45c7cdc-133b-49b7-8a2d-cba3f78a352b,page_view,https://shop.example.com/product/PROD-0081,8d7396b5-b3d2-496a-9eef-c30dbe21fd5c,2025-10-02T02:44:43.924161+00:00,920fe448-95d0-4ccb-b77b-2c7cfa389054
db2760eb-2dbb-482a-910c-f306ca739bf4,3ec0da84-5053-4bb7-b64b-55d70b9a5625,5c09d6f5-2d4c-489e-b253-a59e102c3110,add_to_cart,https://shop.example.com/product/PROD-0481,dbc88662-5db7-45b1-b244-65c892dd9010,2025-10-10T19:42:46.924184+00:00,920fe448-95d0-4ccb-b77b-2c7cfa389054
db2760eb-2dbb-482a-910c-f306ca739bf4,3ec0da84-5053-4bb7-b64b-55d70b9a5625,5c09d6f5-2d4c-489e-b253-a59e102c3110,add_to_cart,https://shop.example.com/product/PROD-0481,dbc88662-5db7-45b1-b244-65c892dd9010,2025-11-10T19:42:46.924184+45:00,920fe448-95d0-4ccb-b77b-2c7cfa389054
db2760eb-2dbb-482a-910c-f306ca739bf4,3ec0da84-5053-4bb7-b64b-55d70b9a5625,5c09d6f5-2d4c-489e-b253-a59e102c3110,add_to_cart,https://shop.example.com/product/PROD-0481,dbc88662-5db7-45b1-b244-65c892dd9010,2025-10-10T19:42:46.924184+00:,920fe448-95d0-4ccb-b77b-2c7cfa389054
db2760eb-2dbb-482a-910c-f306ca739bf4,3ec0da84-5053-4bb7-b64b-55d70b9a5625,5c09d6f5-2d4c-489e-b253-a59e102c3110,add_to_cart,https://shop.example.com/product/PROD-0481,dbc88662-5db7-45b1-b244-65c892dd9010,202-10-10T19:42:46.924184+00:00,920fe448-95d0-4ccb-b77b-2c7cfa389054
db2760eb-2dbb-482a-910c-f306ca739bf4,3ec0da84-5053-4bb7-b64b-55d70b9a5625,5c09d6f5-2d4c-489e-b253-a59e102c3110,add_to_cart,https://shop.example.com/product/PROD-0481,dbc88662-5db7-45b1-b244-65c892dd9010,2025-10-10T19:42:46.924184+00:00,920fe448-95d0-4ccb-b77b-2c7cfa389054
db2760eb-2dbb-482a-910c-f306ca739bf4,3ec0da84-5053-4bb7-b64b-55d70b9a5625,5c09d6f5-2d4c-489e-b253-a59e102c3110,add_to_cart,https://shop.example.com/product/PROD-0481,dbc88662-5db7-45b1-b244-65c892dd9010,202510-10T19:42:46.924184+00:00,920fe448-95d0-4ccb-b77b-2c7cfa389054
